{"cameraMode":{"drawMode":0,"name":"Shaded","section":"Shading Mode"},"sceneLighting":true,"audioPlay":false,"sceneViewState":{"m_AlwaysRefresh":false,"showFog":true,"showSkybox":true,"showFlares":true,"showImageEffects":true,"showParticleSystems":true,"showVisualEffectGraphs":true,"m_FxEnabled":true},"in2DMode":false,"pivot":{"x":0.20700787007808686,"y":0.6748376488685608,"z":16.617721557617189},"rotation":{"x":-0.015290373004972935,"y":-0.012894722633063794,"z":0.00043527729576453567,"w":-0.9998723268508911},"size":9.944432258605957,"orthographic":false}